{
  "dataset": "NSL-KDD",
  "timestamp": "20250613_1942",
  "batch_size": 256,
  "metrics": {
    "Accuracy": 0.8349717209803393,
    "Precision": 0.7094554499147931,
    "Recall": 0.8349717209803393,
    "F1 Score": 0.7638879268920842
  }
}